,City,Country,Max Temp,Current Description,Lat,Lng,Hotel Name
1,Juba,SS,79.25,broken clouds,4.85,31.58,ROYAL PALACE HOTEL - JUBA
3,Rikitea,PF,79.86,few clouds,-23.12,-134.97,Pension Maro'i
4,Bluff,NZ,61.0,broken clouds,-46.6,168.33,Bluff Homestead - Guesthouse & Campervan Park
7,Morgan City,US,53.6,clear sky,29.7,-91.21,Hampton Inn & Suites Morgan City
10,Ushuaia,AR,50.0,scattered clouds,-54.8,-68.3,Albatros Hotel
12,Umm Bab,QA,70.0,mist,25.21,50.81,
13,Chipinge,ZW,67.55,overcast clouds,-20.19,32.62,Mutare Club
14,Lebu,CL,50.9,clear sky,-37.62,-73.65,Hostal Las Lilas
15,Sangueya,GN,74.3,broken clouds,10.7,-14.37,
16,Jalu,LY,51.44,clear sky,29.03,21.55,Jalu Hotel
17,Norrtalje,SE,42.01,broken clouds,59.76,18.7,Norrt√§lje Vandrarhem Hvilan
18,Kidal,ML,70.92,broken clouds,18.44,1.41,
22,Saint George,US,45.0,light rain,37.1,-113.58,Best Western Plus Abbey Inn Hotel & Conference Center
25,Carauari,BR,75.11,overcast clouds,-4.88,-66.9,Pousada Lobo
28,Punta Arenas,CL,51.01,few clouds,-53.15,-70.92,Hotel Dreams Del Estrecho
29,Hobart,AU,79.0,few clouds,-42.88,147.33,St Ives Apartments
31,Susanville,US,41.0,clear sky,40.42,-120.65,Red Lion Inn & Suites Susanville
32,Kisangani,CD,74.48,broken clouds,0.52,25.2,Grand Ramela Hotel
35,San Patricio,MX,76.64,clear sky,19.22,-104.7,Hotel Cabo Blanco
38,North Bend,US,48.99,broken clouds,43.41,-124.22,Red Lion Hotel Coos Bay
43,Coquimbo,CL,59.0,clear sky,-29.95,-71.34,Hotel San Juan
44,Zhangye,CN,48.87,clear sky,38.93,100.45,Zhangye Lvzhou Holiday Inn
45,Kapaa,US,78.8,scattered clouds,22.08,-159.32,Sheraton Kauai Resort at Coconut Beach
57,Ribeira Grande,PT,53.44,clear sky,38.52,-28.7,Quinta da Meia Eira
59,Montepuez,MZ,70.9,overcast clouds,-13.13,39.0,RESID√äNCIAL LANCHONETE
60,Buraydah,SA,55.4,clear sky,26.33,43.98,M√∂venpick Hotel Qassim
62,Wukari,NG,78.8,clear sky,7.85,9.78,Elimtop
64,Jalingo,NG,75.38,clear sky,8.88,11.37,Debright Motel
65,Skibbereen,IE,53.6,light rain,51.55,-9.27,The West Cork Hotel
67,Bredasdorp,ZA,60.01,few clouds,-34.53,20.04,Bredasdorp Country Manor
69,Mar Del Plata,AR,59.0,clear sky,-38.0,-57.56,Gran Hotel Mar del Plata habitaciones
73,Ahipara,NZ,75.99,few clouds,-35.17,173.17,Ahipara Holiday Park
74,Luderitz,,66.2,clear sky,-26.65,15.16,L√úDERITZ NEST HOTEL
75,Port Alfred,ZA,62.01,few clouds,-33.59,26.89,The Halyards Hotel
76,Hermanus,ZA,62.01,clear sky,-34.42,19.23,Misty Waves Boutique Hotel
79,Port Elizabeth,ZA,57.2,few clouds,-33.92,25.57,39 On Nile Guest House
80,Skanevik,ZA,57.2,few clouds,-33.92,25.57,39 On Nile Guest House
85,Goundam,ML,74.3,scattered clouds,16.41,-3.67,
86,Bac Giang,VN,71.6,mist,21.27,106.2,Ravatel Home Hotel
92,Chuy,UY,59.22,clear sky,-33.7,-53.46,Nuevo Hotel Plaza
98,Ancud,CL,57.2,clear sky,-41.87,-73.82,HOTEL ANCUD DON LUCAS
99,Cape Town,ZA,64.0,clear sky,-33.93,18.42,Southern Sun Waterfront Cape Town
101,Anuradhapura,LK,79.21,overcast clouds,8.36,80.42,Nilketha Villa Eco Hotel
106,Nalut,LY,43.7,clear sky,30.33,10.85,
108,Sebastian,US,48.99,clear sky,35.17,-94.27,
113,Castro,BR,57.97,broken clouds,-24.79,-50.01,CHACARA BAILLY
114,Puerto Baquerizo Moreno,EC,79.23,overcast clouds,-0.9,-89.6,Hotel los Algarrobos
115,Pingdingshan,CN,60.85,clear sky,33.74,113.3,Chengfu Hotel
116,Mataura,NZ,61.0,broken clouds,-46.19,168.86,Ellie's Villa
121,Kemijarvi,BR,74.1,light rain,-22.97,-42.03,Pousada Porto Praia
123,Hilo,US,78.8,clear sky,19.73,-155.09,Hilo Hawaiian Hotel
124,Petatlan,MX,78.8,clear sky,17.52,-101.27,Hotel California Petatl√°n
128,Bubaque,GW,78.66,broken clouds,11.28,-15.83,Casa Dora
129,Coihaique,CL,66.2,clear sky,-45.58,-72.07,Diego De Almagro Coyhaique
131,Dinghai,CN,62.6,clear sky,26.28,119.79,
132,Santa Isabel Do Rio Negro,BR,78.91,overcast clouds,-0.41,-65.02,Hotel GSA
135,Vila Franca Do Campo,PT,57.2,broken clouds,37.72,-25.43,Pestana Bahia Praia
136,Kaitangata,NZ,68.0,overcast clouds,-46.28,169.85,Kaitangata Motor Camp
137,Fort Walton Beach,US,46.4,clear sky,30.41,-86.62,Best Western Ft. Walton Beachfront
141,Portland,US,48.2,few clouds,45.52,-122.68,Portland Marriott City Center
142,Laje,BR,71.15,overcast clouds,-10.18,-40.97,Pousada Centro
144,Hasaki,JP,59.0,few clouds,35.73,140.83,Inubosaki Kanko Hotel
145,Alghero,IT,46.0,clear sky,40.56,8.32,Hotel Carlos V
148,Viedma,AR,64.85,clear sky,-40.81,-63.0,Hotel casa crespo
150,Veisiejai,LT,41.0,light intensity shower rain,54.1,23.7,Cozy remote cabin on a lakeshore
151,Trelew,AR,75.25,clear sky,-43.25,-65.31,Hotel Touring Club
153,Porto Murtinho,BR,68.81,clear sky,-21.7,-57.88,Hotel Pantanal
154,Attawapiskat,BR,68.81,clear sky,-21.7,-57.88,Hotel Pantanal
155,Lompoc,US,55.99,overcast clouds,34.64,-120.46,Holiday Inn Express Lompoc
157,San Antonio,US,59.0,overcast clouds,29.42,-98.49,Marriott Plaza San Antonio
158,Lira,UG,70.97,scattered clouds,2.23,32.91,ST Lira Hotel Limited
160,Fortuna,US,50.0,overcast clouds,40.6,-124.16,Super 8 By Wyndham Fortuna
161,Belushya Guba,US,50.0,overcast clouds,40.6,-124.16,Super 8 By Wyndham Fortuna
162,Tartagal,AR,64.51,overcast clouds,-22.52,-63.8,Almu√±ecar Hotel
164,Nouadhibou,MR,62.6,broken clouds,20.93,-17.03,El Medina
165,Saint-Philippe,RE,78.8,broken clouds,-21.36,55.77,"Chambres d'h√¥te ""La Trinit√©"""
166,Nizhneyansk,RE,78.8,broken clouds,-21.36,55.77,"Chambres d'h√¥te ""La Trinit√©"""
168,Polis,CY,50.0,scattered clouds,35.04,32.43,Marion
173,El Ejido,ES,55.99,clear sky,36.78,-2.81,Gran Hotel Victoria
174,Hokitika,NZ,61.29,clear sky,-42.72,170.97,Beachfront Hotel Hokitika
175,Naze,JP,66.2,scattered clouds,28.37,129.48,Â•ÑÁæé„Éù„Éº„Éà„Çø„ÉØ„Éº„Éõ„ÉÜ„É´
184,Ranfurly,NZ,68.0,clear sky,-45.13,170.1,Ranfurly Holiday Park Motels & Cabins
190,Muros,ES,53.01,fog,42.78,-9.06,Apartment Av. Castelao
191,Rosarito,MX,61.0,clear sky,32.33,-117.03,Festival Plaza
192,Providencia,MX,66.0,overcast clouds,28.72,-111.58,
193,Louisbourg,MX,66.0,overcast clouds,28.72,-111.58,
194,Grants Pass,US,48.0,clear sky,42.44,-123.33,La Quinta Inn & Suites by Wyndham Grants Pass
200,Salalah,OM,69.8,scattered clouds,17.02,54.09,HAMDAN PLAZA HOTEL
204,Talara,PE,77.38,overcast clouds,-4.58,-81.27,Hostal Oro Negro
208,Qinzhou,CN,73.89,clear sky,21.95,108.62,Jinjiang Inn Style Qingzhou Walmart
210,Kiama,AU,77.0,scattered clouds,-34.68,150.87,The Sebel Kiama Harbourside
211,Guerrero Negro,MX,59.5,broken clouds,27.98,-114.06,"Casa Laguna, Bed & Breakfast"
212,Sao Gabriel Da Cachoeira,BR,77.74,overcast clouds,-0.13,-67.09,Alarne - √Årea De Lazer Do Alto Rio Negro
216,Jiexiu,CN,48.97,clear sky,37.02,111.91,IU Hotel Jinzhong Yuhua Road
217,Padang,ID,78.33,clear sky,-0.95,100.35,Mercure Padang
220,Te Anau,NZ,59.0,broken clouds,-45.42,167.72,Kingsgate Hotel Te Anau
222,Calvinia,ZA,62.6,clear sky,-31.47,19.78,Die Lemoenhuis
223,Caconda,AO,63.19,overcast clouds,-13.73,15.07,
226,San Carlos De Bariloche,AR,53.6,clear sky,-41.15,-71.31,Hotel Patagonia
227,Karaul,AR,53.6,clear sky,-41.15,-71.31,Hotel Patagonia
232,Sao Filipe,CV,68.05,overcast clouds,14.9,-24.5,Tortuga B&B
233,Cabo San Lucas,MX,73.4,scattered clouds,22.89,-109.91,Hotel Tesoro Los Cabos
235,Gat,IL,51.8,light rain,31.61,34.76,OlusHome
239,Russell,US,42.8,clear sky,32.35,-85.2,Macs
241,Sumbe,AO,79.23,overcast clouds,-11.21,13.84,Hotel Ritz Sumbe
242,Vila Velha,BR,75.2,moderate rain,-20.33,-40.29,Hotel Vit√≥ria Palace
244,Inhambane,MZ,79.0,overcast clouds,-23.86,35.38,MHL Turismo SA
246,Kingman,US,57.2,moderate rain,35.19,-114.05,Quality Inn Kingman Route 66
249,Ponta Do Sol,PT,70.0,few clouds,32.67,-17.1,Hotel do Campo
252,Saldanha,ZA,64.4,clear sky,-33.01,17.94,Blue Bay Lodge
259,Victoria,HK,73.99,scattered clouds,22.29,114.16,Mini Hotel Central
260,Jishou,CN,55.45,overcast clouds,28.32,109.72,7Days Inn Jishou Railway Station
261,Grand River South East,CN,55.45,overcast clouds,28.32,109.72,7Days Inn Jishou Railway Station
264,Pisco,PE,75.2,broken clouds,-13.7,-76.22,Hostal San Isidro Oficial
266,Bathsheba,BB,77.0,scattered clouds,13.22,-59.52,Atlantis Hotel
269,Arlit,NE,72.59,broken clouds,18.74,7.39,H√¥tel Telwa Bungalow
271,San Clemente,US,60.01,clear sky,33.43,-117.61,Best Western Plus Casablanca Inn
272,Jackson,US,48.0,clear sky,42.42,-122.83,Agate Village Apartments
273,Los Llanos De Aridane,ES,71.6,overcast clouds,28.66,-17.92,Valle Aridane
279,Arcachon,FR,42.8,overcast clouds,44.59,-1.05,H√¥tel All Suites Le Teich
283,Bambari,CF,71.33,scattered clouds,5.77,20.68,Hotel-Restaurant BIBICH
285,Codrington,AU,62.46,clear sky,-38.27,141.97,Codrington Gardens Bed And Breakfast
286,Erfurt,DE,48.99,light rain,50.98,11.03,"Radisson Blu Hotel, Erfurt"
287,Espanola,US,43.0,light rain,35.99,-106.08,Santa Claran Hotel
289,Malakal,SS,72.54,clear sky,9.53,31.66,Nile Palace Hotel
291,Baillif,GP,73.4,broken clouds,16.02,-61.75,Chambres Bougainvilliers Vue Mer
295,Kalakamati,BW,69.8,thunderstorm with heavy rain,-20.59,27.31,
298,Lagoa,PT,58.55,clear sky,39.05,-27.98,Casa Das Faias
299,New Norfolk,AU,79.0,few clouds,-42.78,147.06,The Shingles Riverside Cottages
301,Abonnema,NG,78.8,overcast clouds,4.71,6.79,Corper's Lodge Obonoma
304,Kijang,KR,46.4,clear sky,35.24,129.21,Brown Dot Gijang Yeonhwari
305,Necochea,AR,52.0,clear sky,-38.55,-58.74,dyd -mar Hotel
309,Brae,GB,41.0,overcast clouds,60.4,-1.35,Busta House Hotel
312,Corinto,GR,46.99,broken clouds,37.94,22.96,Ephira Hotel
313,Gangotri,GR,46.99,broken clouds,37.94,22.96,Ephira Hotel
314,Saleaula,GR,46.99,broken clouds,37.94,22.96,Ephira Hotel
317,Gayeri,BF,76.28,clear sky,12.65,0.49,
320,Jibuti,DJ,78.8,broken clouds,11.5,42.5,Campement touristique DANKALELO
322,Okato,NZ,66.99,few clouds,-39.2,173.88,Stony River Boutique Hotel
324,Port Macquarie,AU,78.01,overcast clouds,-31.43,152.92,Rydges Port Macquarie
330,Tura,IN,77.29,overcast clouds,25.52,90.22,Hotel RIKMAN Continental
331,Tuatapere,NZ,61.0,scattered clouds,-46.13,167.68,Ron and Tony's Bed & Breakfast
332,Mayo,US,41.0,clear sky,38.89,-76.51,Resorts Resource Group International
333,Port Hardy,CA,42.8,overcast clouds,50.7,-127.42,Airport Inn
336,Diffa,NE,67.35,few clouds,13.32,12.61,ProDAF/Diffa
337,Dzitbalche,MX,64.51,clear sky,20.32,-90.05,Lavadero San Mateo
338,Ravar,IR,52.25,clear sky,31.27,56.81,computertik
342,Rocha,UY,51.8,clear sky,-34.48,-54.33,Beleza Pura B&B
343,Manaus,BR,77.0,broken clouds,-3.1,-60.02,Hotel do Largo
344,Juybar,IR,48.2,mist,36.64,52.91,ŸÖÿ¨ÿ™ŸÖÿπ ŸÖÿ≥⁄©ŸàŸÜ€å ÿ±ÿ≤
345,Camacha,PT,64.4,scattered clouds,33.08,-16.33,Hotel Porto Santo & Spa
347,Rio Grande,BR,59.0,clear sky,-32.03,-52.1,Swan Express Rio Grande
351,Christchurch,NZ,70.0,clear sky,-43.53,172.63,"Chateau on the Park - Christchurch, a DoubleTree by Hilton"
354,Djambala,CG,72.32,overcast clouds,-2.54,14.75,Auberge Chez Les Emmanuelles
357,San Vicente,AR,57.42,clear sky,-26.62,-54.13,Complejo Tur√≠stico Farelluk
360,Kang,BW,69.44,clear sky,-23.68,22.79,Kang Ultra Stop
361,Chandbali,IN,73.4,clear sky,20.78,86.77,KABITA HOMES
362,Mercedes,AR,64.0,clear sky,-34.65,-59.43,Posada del Inti Centro
366,Lamar,US,48.0,clear sky,33.67,-95.58,Kings Inn Paris TX
367,Yatou,CN,42.71,clear sky,37.15,122.38,GreenTree Hotel Rongcheng Bus Station
369,Sakaiminato,JP,50.0,broken clouds,35.55,133.23,Âë≥Âá¶„ÉªÊ∞ëÂÆø „Åæ„Å§„ÇÑ
370,Dakar,SN,69.8,overcast clouds,14.69,-17.44,Hotel Novotel Dakar
371,Yunjinghong,SN,69.8,overcast clouds,14.69,-17.44,Hotel Novotel Dakar
373,Komsomolskiy,UZ,44.6,mist,40.43,71.72,"Hotel ""Ikathouse"""
374,Chacarita,CR,71.6,overcast clouds,9.98,-84.77,Cabinas La Fuente
376,Jacareacanga,BR,73.85,overcast clouds,-6.22,-57.75,Casa do Ianüòé
380,Price,US,41.0,overcast clouds,39.6,-110.81,National 9 - Price River Inn
381,Auxerre,FR,48.2,overcast clouds,47.8,3.57,H√¥tel Les Mar√©chaux
383,Nova Aurora,BR,68.45,clear sky,-22.87,-52.57,
386,Amapa,BR,72.82,overcast clouds,1.0,-52.0,
387,Margate,GB,53.01,light rain,51.38,1.39,Premier Inn Margate hotel
389,Ewo,CG,75.06,overcast clouds,-0.87,14.82,Residence Elonda Ewo
391,Huilong,CN,57.0,clear sky,31.81,121.66,Hilton Garden Inn Qidong
392,Karkaralinsk,CN,57.0,clear sky,31.81,121.66,Hilton Garden Inn Qidong
393,Nguiu,CN,57.0,clear sky,31.81,121.66,Hilton Garden Inn Qidong
395,Moulins,FR,43.0,broken clouds,46.5,3.33,H√¥tel ibis Moulins Sud
397,Samalaeulu,UA,41.05,light rain,50.6,26.67,TIR parking
400,Straja,RO,41.0,scattered clouds,47.92,25.55,
401,Tocantinopolis,RO,41.0,scattered clouds,47.92,25.55,
403,Bereda,ES,46.99,fog,43.27,-7.54,Pazo de Verdes
405,Shingu,JP,51.8,few clouds,33.73,135.98,Êñ∞ÂÆÆ„É¶„Éº„Ç¢„Ç§„Éõ„ÉÜ„É´
407,Winnemucca,US,44.01,clear sky,40.97,-117.74,Winners Inn Casino
408,Coahuayana,MX,71.1,clear sky,18.73,-103.68,Hotel Los Arcos
409,Tiznit,MA,63.37,clear sky,29.58,-9.5,
410,Tumannyy,MA,63.37,clear sky,29.58,-9.5,
416,Wilmington,US,41.0,clear sky,34.23,-77.94,"Hotel Ballast Wilmington, Tapestry Collection by Hilton"
418,Constitucion,CL,51.35,few clouds,-35.33,-72.42,Hotel Boutique Las Azucenas
424,Jaguey Grande,CU,68.0,broken clouds,22.53,-81.13,El Ranchon
425,Praya,CV,69.8,overcast clouds,14.92,-23.51,LT Aparthotel
426,Saint-Leu,RE,78.8,broken clouds,-21.15,55.28,La Caz Oceane
428,Faya,SA,57.2,few clouds,18.39,42.45,ŸÖŸÇÿ®ÿ±ÿ© ÿßŸÑ ŸÖÿ¨ŸÖŸÑ
429,Bushehr,IR,60.8,mist,28.97,50.84,Yas Hotel
430,Vaitupu,IR,60.8,mist,28.97,50.84,Yas Hotel
431,Utiroa,IR,60.8,mist,28.97,50.84,Yas Hotel
432,Adrar,MR,78.66,overcast clouds,20.5,-10.07,
433,Ipixuna,BR,78.8,scattered clouds,-1.76,-48.8,Casa da Oscarina
436,Taranagar,IN,64.15,clear sky,28.67,75.04,Jyani Plaza
440,Rawson,AR,71.13,clear sky,-43.3,-65.1,Hotel Punta Le√≥n
441,Mataro,ES,54.0,moderate rain,41.54,2.44,URH Ciutat de Matar√≥
442,Laguna,US,57.0,clear sky,38.42,-121.42,Holiday Inn Express & Suites Elk Grove Central - Hwy 99
443,Matehuala,MX,61.47,overcast clouds,23.65,-100.65,Las Palmas Midway Inn
444,Vila Do Maio,CV,69.8,overcast clouds,15.13,-23.22,Residence 'I Delfini'
445,Pinos,MX,59.0,clear sky,22.3,-101.57,Hotel El Meson Del Conde
448,Mindelo,CV,68.0,broken clouds,16.89,-24.98,Hotel Gaudi
449,Shadegan,IR,59.0,mist,30.65,48.66,ŸÖÿ≥ÿßŸÅÿ± ÿÆÿßŸÜŸá ÿßÿ®Ÿà ŸàŸÑ€åÿØ
452,Pahrump,US,48.99,broken clouds,36.21,-115.98,Best Western Pahrump Oasis
453,Labutta,US,48.99,broken clouds,36.21,-115.98,Best Western Pahrump Oasis
454,Bermeo,ES,46.99,clear sky,43.42,-2.72,Eco-Hotel Mundaka
459,Xichang,CN,48.69,clear sky,27.9,102.26,Xichang ibis Hotel
462,Kolokani,ML,78.15,scattered clouds,13.57,-8.03,Lycee Famolo Coulibalibali De Kolokani
463,Mabaruma,GY,69.91,overcast clouds,8.2,-59.78,
466,Wajir,KE,78.8,scattered clouds,1.75,40.06,Wajir Palace Hotel
469,Hobyo,SO,76.05,broken clouds,5.35,48.53,
474,Palafrugell,ES,48.99,fog,41.92,3.16,Hotel Garbi
475,Champerico,GT,77.0,clear sky,14.3,-91.92,"Hotel y restaurante ""El Diamante"""
476,Bogande,BF,75.49,scattered clouds,12.97,-0.14,
477,Meridian,US,41.0,clear sky,43.61,-116.39,Courtyard by Marriott Boise West/Meridian
479,Portobelo,PA,77.0,few clouds,9.55,-79.65,Scuba Portobelo
480,Bridlington,GB,44.01,heavy intensity rain,54.08,-0.19,Expanse Bridlington Seafront Hotel
482,Santarem,BR,75.2,overcast clouds,-2.44,-54.71,Hotel Imperador
489,Ceccano,IT,48.0,overcast clouds,41.57,13.33,Hotel La Villa
492,Lauchhammer,DE,46.99,moderate rain,51.5,13.8,MR-Hotel & lukAs Restaurant-Bar
494,Carmen,MX,70.9,clear sky,18.63,-91.83,Hotel Lossandes
495,Barentsburg,MX,70.9,clear sky,18.63,-91.83,Hotel Lossandes
500,Tonj,SS,71.64,scattered clouds,7.27,28.68,
504,Ibra,OM,67.08,clear sky,22.69,58.53,ŸÖÿ≤ÿ±ÿπÿ© ÿ±ÿßÿ≠ÿ© ÿßŸÑŸÜŸÅŸàÿ≥ ÿßŸÑŸÖŸÜÿ≤ŸÅÿ©
508,Umtata,ZA,57.2,light intensity drizzle,-31.59,28.78,LLZZ Boutique Lodge
509,Rungata,ZA,57.2,light intensity drizzle,-31.59,28.78,LLZZ Boutique Lodge
511,Xam Nua,LA,66.31,clear sky,20.42,104.04,Phoudy Guesthouse
516,Newport,GB,55.99,light rain,51.59,-3.0,Hotel ibis budget Newport
517,Tahoua,NE,73.4,overcast clouds,14.89,5.27,Bungalows Guesthouse
518,Huarmey,PE,74.57,overcast clouds,-10.07,-78.15,Hotel Miramar
519,Grande-Riviere,PE,74.57,overcast clouds,-10.07,-78.15,Hotel Miramar
520,Bandar-E Torkaman,PE,74.57,overcast clouds,-10.07,-78.15,Hotel Miramar
521,Edgewater,US,57.99,clear sky,28.99,-80.9,Islander Beach Resort
526,Toliary,ZM,68.0,light rain,-15.33,28.68,Farm KS
527,Talcahuano,CL,57.2,clear sky,-36.72,-73.12,Hotel Terramar
528,Ponta Delgada,PT,57.2,broken clouds,37.73,-25.67,Vila Nova Hotel
529,Zahesi,GE,44.6,overcast clouds,41.82,44.75,Hotel Mtskheta Sanapiro
530,Dimona,IL,45.0,clear sky,31.07,35.03,Hotel Drachim
531,Zaidpur,IN,68.0,mist,26.83,81.33,LAAL KOTHI ZAIDPUR
533,Praia Da Vitoria,PT,55.4,scattered clouds,38.73,-27.07,Hotel Branco I
534,Khani,GE,44.6,shower rain,41.96,42.96,
535,Ulladulla,AU,77.0,scattered clouds,-35.35,150.47,Sandpiper Motel
536,Ambilobe,MG,73.49,scattered clouds,-13.2,49.05,H√¥tel & Restaurant DIANA Ambilobe
538,Virginia Beach,US,43.0,clear sky,36.85,-75.98,Hilton Virginia Beach Oceanfront
541,Rosa Zarate,EC,73.78,overcast clouds,0.33,-79.47,Piscinas y Recepciones Hecalash
543,Vercelli,IT,45.0,mist,45.32,8.42,Hotel Cinzia Ristorante
544,Chhindwara,IN,72.32,clear sky,22.07,78.93,STARiHOTELS Chhindwara
548,Niigata,JP,42.8,broken clouds,37.9,139.02,Toyoko Inn Niigata Ekimae
550,Qingquan,CN,62.6,few clouds,30.45,115.26,Caiyuan Hotel
553,Anshun,CN,54.61,overcast clouds,26.25,105.93,ÂÆâÈ°∫È∫¶ÂêâÈ£éÊ†ºÈÖíÂ∫ó
554,General Pico,AR,59.43,clear sky,-35.66,-63.76,Hotel Malargue
555,Rio Gallegos,AR,59.0,scattered clouds,-51.62,-69.22,Hotel Santa Cruz
556,Kishi,NG,74.7,clear sky,9.08,3.85,AMARC GUEST HOUSE
557,Dubenskiy,NG,74.7,clear sky,9.08,3.85,AMARC GUEST HOUSE
558,Taoudenni,ML,73.22,broken clouds,22.68,-3.98,
559,Kaohsiung,TW,78.8,scattered clouds,22.62,120.31,Kindness Hotel
561,Fort-Shevchenko,KZ,40.37,overcast clouds,44.51,50.26,Oasis hotel Bautino
563,Ballarpur,IN,74.84,clear sky,19.83,79.35,Central Railway Guest House
565,Los Alamos,US,44.01,light rain,35.89,-106.31,Holiday Inn Express & Suites Los Alamos Entrada Park
568,Yeppoon,AU,78.8,light intensity shower rain,-23.13,150.73,Villa Mar Colina
571,Suhl,DE,48.99,light rain,50.6,10.7,Ringberghaus
572,Rio Brilhante,BR,63.27,clear sky,-21.8,-54.55,Hotel Cattani
574,Mahanoro,MG,76.08,overcast clouds,-19.9,48.8,H√¥tel Mon D√©sir
575,Ukiah,US,55.99,clear sky,39.15,-123.21,Hampton Inn Ukiah
580,Pascagoula,US,46.0,clear sky,30.37,-88.56,Regency Inn
581,Tanout,NE,65.7,few clouds,14.97,8.89,
589,Fuling,CN,50.52,overcast clouds,29.7,107.39,Yingbin Hostel
590,Guebwiller,FR,51.8,light rain,47.92,7.2,Le Saint-Barnab√© | H√¥tel et Spa Haut-Rhin
594,Dehloran,IR,60.35,broken clouds,32.69,47.27,ŸÖÿ≥ÿßŸÅÿ±ÿÆÿßŸÜŸá ŸÇÿØÿ≥(ÿπÿ®ÿØÿßŸÑŸÑŸá ÿÆÿØÿß⁄©ÿ±ŸÖ€å)
595,Luanda,AO,78.8,broken clouds,-8.84,13.23,EPIC SANA Luanda
596,Burica,AO,78.8,broken clouds,-8.84,13.23,EPIC SANA Luanda
597,Afua,BR,77.56,overcast clouds,-0.16,-50.39,Hotel Dias
598,Rovereto,IT,42.01,scattered clouds,45.89,11.04,Hotel Leon D'Oro
599,Dos Hermanas,ES,54.0,scattered clouds,37.28,-5.92,Hotel TRH La Motilla
600,Pimentel,PE,66.2,scattered clouds,-6.84,-79.93,Casona Del Muelle
603,Azar Shahr,BR,73.72,light rain,-21.64,-41.05,Pousada Porto De Canoas
608,Ventspils,LV,41.0,scattered clouds,57.39,21.56,J≈´ras brƒ´ze
609,Tahlequah,US,50.0,clear sky,35.92,-94.97,Tahlequah Motor Lodge
610,Biu,NG,73.44,clear sky,10.61,12.19,EYN LCC MANDARAGIRAU
612,Laranjeiras Do Sul,BR,56.21,clear sky,-25.41,-52.42,Hotel Palmeiras
613,Graneros,CL,52.92,clear sky,-34.07,-70.73,Campo Escuela Callejones Park
615,Hof,DE,48.0,light rain,50.32,11.92,Hotel Burghof
616,Waipawa,NZ,66.0,clear sky,-41.41,175.52,Tora Coastal Walk
619,Lata,PT,55.99,mist,40.16,-8.33,Casa Maquia
620,Pimenteiras,BR,69.46,overcast clouds,-6.25,-41.42,Hotel Central
621,Karamea,BR,69.46,overcast clouds,-6.25,-41.42,Hotel Central
623,Katsuura,JP,60.01,few clouds,35.13,140.3,Katsuura Hotel Mikazuki
628,Dalbandin,PK,60.26,clear sky,28.89,64.41,Gidaan Guest House
629,Nishihara,JP,69.8,few clouds,26.18,127.76,Minshuku Agaihama
630,Half Moon Bay,US,54.0,scattered clouds,37.46,-122.43,"The Ritz-Carlton, Half Moon Bay"
631,Ballstad,US,54.0,scattered clouds,37.46,-122.43,"The Ritz-Carlton, Half Moon Bay"
636,Flagstaff,US,46.99,light rain,35.2,-111.65,Drury Inn & Suites Flagstaff
641,Corsicana,US,50.0,clear sky,32.1,-96.47,Holiday Inn Express & Suites Corsicana I-45
642,Magugu,TZ,64.76,overcast clouds,-4.02,35.77,
644,Alice,US,62.6,overcast clouds,27.75,-98.07,Holiday Inn Express & Suites Alice
647,Beloha,MG,74.52,broken clouds,-25.17,45.05,
650,Niimi,JP,50.0,scattered clouds,34.98,133.47,ÂÇô‰∏≠Ë∑Ø
657,Mingaora,PK,43.16,clear sky,34.78,72.36,Burj Al Swat
658,Poya,NC,79.16,clear sky,-21.35,165.15,
659,Fukue,JP,51.8,few clouds,32.69,128.84,Goto Guesthouse Utojuku & SA Car Rental
660,Dzhusaly,JP,51.8,few clouds,32.69,128.84,Goto Guesthouse Utojuku & SA Car Rental
662,Banyo,CM,65.26,scattered clouds,6.75,11.82,Motel JOMBA
664,Valparaiso,CL,55.4,clear sky,-33.04,-71.63,Hotel Ultramar
666,Uyuni,BO,56.21,clear sky,-20.46,-66.83,Hostal La Magia de Uyuni
667,Cooma,AU,77.0,broken clouds,-36.23,149.13,High Country Motel
668,Ayolas,PY,58.77,clear sky,-27.4,-56.9,Hotel Ayolas
669,Flinders,AU,79.0,scattered clouds,-34.58,150.86,Shellharbour Resort & Conference Centre
670,Atar,MR,72.7,overcast clouds,20.52,-13.05,Oumou Elghoura
673,Mul,IN,74.84,clear sky,20.07,79.67,Prashant hotel
679,Mangai,CD,72.95,broken clouds,-4.05,19.53,
680,Ambodifototra,CD,72.95,broken clouds,-4.05,19.53,
681,Vao,NC,79.02,clear sky,-22.67,167.48,Hotel Kou-Bugny
682,Makarska,HR,42.8,overcast clouds,43.3,17.02,Hotel Park Makarska
685,Gejiu,CN,56.52,broken clouds,23.31,103.16,Hongtai Commercial Hotel
686,Charlestown,AU,79.0,overcast clouds,-32.95,151.67,Panorama Motor Inn Hotel
688,Nelson Bay,AU,79.0,overcast clouds,-32.72,152.15,Mantra Nelson Bay
690,Chichimila,MX,61.18,clear sky,20.62,-88.22,Casa Kiin
691,Sabha,LY,49.87,clear sky,27.04,14.43,ŸÖÿ≠ÿ∑ÿ© ÿßŸÖ ÿßŸÑÿßÿ±ÿßŸÜÿ® -ÿ≥ÿ®Ÿáÿß ŸÖŸàÿßÿµŸÑÿßÿ™
692,Taltal,CL,60.51,few clouds,-25.4,-70.48,Residencial Karime
693,Ouadda,CF,69.8,clear sky,8.08,22.4,
695,Sendafa,ET,57.2,scattered clouds,9.15,39.03,german hotel
696,Chagda,ET,57.2,scattered clouds,9.15,39.03,german hotel
697,Tonantins,BR,75.85,overcast clouds,-2.87,-67.8,Hotel Rei Davi
699,Tazmalt,DZ,42.8,clear sky,36.39,4.4,H√¥tel Num√©dia
700,Wajima,JP,44.6,scattered clouds,37.4,136.9,Wajiima Onsen Yashio
701,Casablanca,MA,64.0,clear sky,33.59,-7.62,Hotel Moroccan House Casablanca
702,Saint-Georges,GD,78.8,few clouds,12.06,-61.75,Radisson Grenada Beach Resort
707,Tomatlan,MX,68.56,scattered clouds,19.93,-105.25,Norma franco
709,Arandis,,63.0,overcast clouds,-22.42,14.97,Vvt-i Park & Hotel
710,Niltepec,MX,72.66,clear sky,16.57,-94.62,Hotel Palma Real
711,Formoso Do Araguaia,MX,72.66,clear sky,16.57,-94.62,Hotel Palma Real
712,Nurota,UZ,41.0,mist,40.56,65.69,Guest House Ruslan Nurata & Tours
715,Puerto Colombia,CO,77.0,scattered clouds,10.99,-74.95,Hotel El Emigrante
716,Simao,CN,68.07,clear sky,22.79,100.97,Changyu Hotel
718,Piacabucu,BR,79.86,clear sky,-10.41,-36.43,Pia√ßabu√ßu News
719,Akcaabat,TR,44.6,light rain,41.02,39.57,AKOF Apart
720,Tungkang,TR,44.6,light rain,41.02,39.57,AKOF Apart
723,Mount Vernon,US,42.01,clear sky,40.91,-73.84,Ramada by Wyndham Bronx
724,Ishigaki,JP,75.2,few clouds,24.34,124.16,Hotel Peace Land Ishigakijima
725,Pasighat,IN,71.8,overcast clouds,28.07,95.33,Siang Guest House
726,Byron Bay,AU,78.8,broken clouds,-28.65,153.62,Backpackers Inn on the Beach
731,Cherrapunji,IN,61.47,overcast clouds,25.3,91.7,Saimika Resort
732,Parakai,NZ,71.6,clear sky,-36.65,174.43,Parkhurst B&B
